<?xml version="1.0" encoding="utf-8"?>
<ApplicationInstallerManifest>
   <DefaultInstallationDirectory>/Applications/tyrionns/majAnalyzer/</DefaultInstallationDirectory>
   <ApplicationName>majAnalyzer</ApplicationName>
   <ExecutableName>application/majAnalyzer.exe</ExecutableName>
   <GUID>16da780e-f6e9-42c4-a071-69ccd0a70260</GUID>
   <ApplicationIcon>default_icon_48.png</ApplicationIcon>
   <Logo>default_logo.png</Logo>
   <Version>1.0</Version>
   <InstallationNotes>In the following directions, replace MCR_ROOT by the directory where the MATLAB Runtime is installed on the target machine.

If the environment variable DYLD_LIBRARY_PATH is undefined, set it to the concatenation of the following strings:

    MCR_ROOT/v90/runtime/maci64:
    MCR_ROOT/v90/sys/os/maci64:
    MCR_ROOT/v90/bin/maci64

If it is defined, set it to the concatenation of these strings:

    ${LD_LIBRARY_PATH}: 
    MCR_ROOT/v90/runtime/maci64:
    MCR_ROOT/v90/sys/os/maci64:
    MCR_ROOT/v90/bin/maci64</InstallationNotes>
   <AuthorOrganization>tyrionns</AuthorOrganization>
   <Summary>movement analisis</Summary>
   <WelcomePanelText>majAnalyzer 1.0
movement analisis

analyze the data from the movement's sensor on a mobile phone

Pasquale Cortese
pasquale_cortese@icloud.com</WelcomePanelText>
   <MCRProducts>
      <MCRProduct>
         <ExternalProductIdentifier>35000</ExternalProductIdentifier>
      </MCRProduct>
      <MCRProduct>
         <ExternalProductIdentifier>35010</ExternalProductIdentifier>
      </MCRProduct>
   </MCRProducts>
</ApplicationInstallerManifest>